id;code;category;date_creation;date_modify;last_modify_by;created_by;notes
1;Manat invoice;program payment;2023-05-21T22:25:09;2023-05-22T14:29:42;b bricks-and-clicks;c;Keyboard Hat indigo
2;back users Baby;Industrial white Technicien;2023-05-22T09:37:58;2023-05-22T10:18:21;c deposit eyeballs;b SDR COM;communities a Rh√¥ne-Alpes
3;Saint-Denis;Cotton;2023-05-22T13:44:19;2023-05-22T15:17:04;Cotton encoding;Kids Synergistic;attitude Grass-roots RAM
4;reboot;array Chips;2023-05-22T10:32:14;2023-05-21T23:04:43;vertical Berkshire uniform;deliver;Phased Cambridgeshire
5;Bretagne;multi-byte Portugal;2023-05-22T05:40:48;2023-05-22T12:34:06;Bike;synergize Kuwaiti;Fidji
6;1080p Outdoors parsing;Investment Sausages Customizable;2023-05-22T17:42:45;2023-05-22T11:15:56;monitor parse;Joubert deposit;Bacon
7;Ball Grocery pink;Versatile;2023-05-22T14:42:15;2023-05-21T22:09:50;Programmable state a;bypass;Saint-Bernard
8;c;front-end;2023-05-21T19:02:58;2023-05-22T05:30:25;Cotton transmitter;deposit Account Berkshire;Licensed bypass
9;Account c Multi-channelled;Garden de Vaneau;2023-05-21T18:25:52;2023-05-22T06:14:58;Saint Tasty Refined;Lorraine Charron;Bretagne interface CSS
10;Analyste intangible;Berkshire;2023-05-21T19:36:05;2023-05-22T09:52:23;SAS Personal;JBOD;copying schemas
