id;code;status;date_creation;date_modify;last_modify_by;created_by;notes
1;de PNG Fresh;intermediate Liberia;2023-05-22T01:11:33;2023-05-22T14:55:52;override;open-source Home SMTP;markets Public-key Account
2;withdrawal navigating invoice;c Mouse;2023-05-22T05:34:18;2023-05-22T16:22:02;national calculating interactive;de Account Turquie;Tonga streamline
3;Awesome synergies;Granite;2023-05-22T17:57:55;2023-05-22T17:50:56;disintermediate de service-desk;GB Architecte;neural Dinar
4;haptic;Awesome;2023-05-21T20:29:10;2023-05-22T18:20:32;Soft;Rustic Cotton;Licensed
5;Assistant;JBOD;2023-05-21T20:58:53;2023-05-22T08:13:04;IB integrate Clothing;integrated;Dauphine
6;plug-and-play Plastic Bretagne;schemas;2023-05-22T06:30:43;2023-05-22T17:21:19;withdrawal;Refined synergy;Architecte generate deposit
7;Generic;Buckinghamshire c;2023-05-22T07:14:40;2023-05-22T17:32:12;d'Azur;cross-platform Loan Grocery;action-items Basse-Normandie FTP
8;plum Account Generic;Account Chips Croatian;2023-05-22T04:03:57;2023-05-22T13:15:26;Generic ROI;open-source Shoes centrafricaine;payment capability
9;Specialiste;transmit;2023-05-22T06:42:50;2023-05-21T19:01:09;Mexique d'Abbeville Tasty;killer Gloves dedicated;database Ergonomic
10;bricks-and-clicks;silver Soft;2023-05-22T05:31:29;2023-05-22T04:33:36;XSS improvement Bonaparte;Forint Charlemagne Cotton;SQL
